CMPL123__Order__c,CMPL123__WF_Rule_Phase_External_Id__c,CMPL123__Workflow_Phase__c,CMPL123__Workflow_Phase__r,CMPL123__Workflow_Phase__r.CMPL123__WF_Phase_External_Id__c,CMPL123__Workflow_Rule__c,CMPL123__Workflow_Rule__r,CMPL123__Workflow_Rule__r.CMPL123__WF_Rule_External_Id__c,Id,Name
1,qpa-complaints-phrule-016,a1G7E000002PhWYUA0,a1G7E000002PhWYUA0,qpa-complaints-phase-006,a1I7E000001YNlEUAW,a1I7E000001YNlEUAW,qpa-complaints-wfrule-003,a1H7E000003UbMpUAK,WFRP-000018
2,qpa-complaints-phrule-017,a1G7E000002PhWeUAK,a1G7E000002PhWeUAK,qpa-complaints-phase-012,a1I7E000001YNlEUAW,a1I7E000001YNlEUAW,qpa-complaints-wfrule-003,a1H7E000003UbMqUAK,WFRP-000019
3,qpa-complaints-phrule-018,a1G7E000002PhWUUA0,a1G7E000002PhWUUA0,qpa-complaints-phase-002,a1I7E000001YNlEUAW,a1I7E000001YNlEUAW,qpa-complaints-wfrule-003,a1H7E000003UbMrUAK,WFRP-000020
1,qpa-investigation-phrule-001,a1G7E000002PhWkUAK,a1G7E000002PhWkUAK,qpa-investigation-phase-002,a1I7E000001YNlJUAW,a1I7E000001YNlJUAW,qpa-utility-inv-00001,a1H7E000003UbMyUAK,WFRP-000027
2,qpa-investigation-phrule-002,a1G7E000002PhWlUAK,a1G7E000002PhWlUAK,qpa-investigation-phase-003,a1I7E000001YNlJUAW,a1I7E000001YNlJUAW,qpa-utility-inv-00001,a1H7E000003UbMzUAK,WFRP-000028
4,qpa-investigation-phrule-003,a1G7E000002PhWjUAK,a1G7E000002PhWjUAK,qpa-investigation-phase-001,a1I7E000001YNlJUAW,a1I7E000001YNlJUAW,qpa-utility-inv-00001,a1H7E000003UbN0UAK,WFRP-000029
3,a1H5r000001M0uIEAS,a1G7E000002PhX7UAK,a1G7E000002PhX7UAK,a1G5r0000020P4pEAE,a1I7E000001YNlTUAW,a1I7E000001YNlTUAW,a1I5r00000209TaEAI,a1H7E000003UbNDUA0,WFRP-000042
4,a1H5r00000190dcEAA,a1G7E000002PhWmUAK,a1G7E000002PhWmUAK,qpa-assess-phase-001,a1I7E000001YNlOUAW,a1I7E000001YNlOUAW,a1I5r00000202PmEAI,a1H7E000003UbNJUA0,WFRP-000048
2,a1H5r00000190ddEAA,a1G7E000002PhWnUAK,a1G7E000002PhWnUAK,qpa-assess-phase-002,a1I7E000001YNlOUAW,a1I7E000001YNlOUAW,a1I5r00000202PmEAI,a1H7E000003UbNKUA0,WFRP-000049
1,a1H5r00000190deEAA,a1G7E000002PhWoUAK,a1G7E000002PhWoUAK,qpa-assess-phase-003,a1I7E000001YNlOUAW,a1I7E000001YNlOUAW,a1I5r00000202PmEAI,a1H7E000003UbNLUA0,WFRP-000050
3,a1H5r00000190YXEAY,a1G7E000002PhXBUA0,a1G7E000002PhXBUA0,a1G5r000001oaZ5EAI,a1I7E000001YNlJUAW,a1I7E000001YNlJUAW,qpa-utility-inv-00001,a1H7E000003UbNUUA0,WFRP-000059
3,a1H5r00000190dhEAA,a1G7E000002PhX6UAK,a1G7E000002PhX6UAK,a1G5r000001oavXEAQ,a1I7E000001YNlOUAW,a1I7E000001YNlOUAW,a1I5r00000202PmEAI,a1H7E000003UbNVUA0,WFRP-000060
4,a1H5r00000199jpEAA,a1G7E000002PhWmUAK,a1G7E000002PhWmUAK,qpa-assess-phase-001,a1I7E000001YNlTUAW,a1I7E000001YNlTUAW,a1I5r00000209TaEAI,a1H7E000003UbNWUA0,WFRP-000061
2,a1H5r00000199jqEAA,a1G7E000002PhX9UAK,a1G7E000002PhX9UAK,qpa-capac-phase-002,a1I7E000001YNlTUAW,a1I7E000001YNlTUAW,a1I5r00000209TaEAI,a1H7E000003UbNXUA0,WFRP-000062
1,a1H5r00000199jrEAA,a1G7E000002PhWsUAK,a1G7E000002PhWsUAK,qpa-action-phase-004,a1I7E000001YNlTUAW,a1I7E000001YNlTUAW,a1I5r00000209TaEAI,a1H7E000003UbNYUA0,WFRP-000063
